9970971,pooja-search-recipe
9970971,my-recipe
123456,put-recipe-2
abc12345,post-recipe-3
8883901,approved-pecan-and-kale-530405
8883901,approved-zucchini-and-avocado-255394
8883901,approved-pasta-and-succotash-271082
8883901,approved-salad-and-rigatoni-950085
8883901,approved-raisin-and-tomato-427627
8883901,approved-beans-and-batter-17412
8883901,approved-burrito-and-casserole-856807
10545091,cinnamon-and-galette
10545091,mulberry-and-cereal
10545091,kohlrabi-and-olive
10545091,batter-and-danish
10545091,quince-and-gyros
10545091,bagel-and-pilaf
10545091,pineapple-and-spaghetti
10545091,celery-and-beet
10545091,yolk-and-carnitas
10545091,thyme-and-carnitas
10545091,coleslaw-and-meringue
10545091,lunch-and-yams
10545091,coleslaw-and-hummus
10545091,guacamole-and-date
10545091,panini-and-eggs
10545091,nachos-and-coconut
10545091,toffee-and-lettuce
10545091,arrugula-and-galette
10545091,cereal-and-cookie
1149591,test-recipe-three
1149591,test-recipe-two
1149591,test-recipe-one
3622431,rolled-oats-and-protein-powder-bakes
9109,red-lentil-dahl
10695166,spicy-potato-wedges
12335051,best-pancake-stack
3622431,fresh-ginger-cake
5585416,parsnip-paprika-and-mustard-soup
12225901,chicken-fajita-pasta
632630,cheese-and-vegetable-muffins
3503651,chicken-preserved-lemon-new-potato-traybake
5511521,smoky-cheese-shortbreads
